{"cameraMode":{"drawMode":0,"name":"Shaded","section":"Shading Mode"},"sceneLighting":true,"audioPlay":false,"sceneViewState":{"showFog":true,"showMaterialUpdate":false,"showSkybox":true,"showFlares":true,"showImageEffects":true,"showParticleSystems":true},"in2DMode":false,"pivot":{"x":0.30260324478149416,"y":1.8060235977172852,"z":-4.606502532958984},"rotation":{"x":0.09582163393497467,"y":-0.025379812344908716,"z":0.0024441350251436235,"w":0.9950746297836304},"size":4.79491662979126,"orthographic":true}