{"cameraMode":{"drawMode":0,"name":"Shaded","section":"Shading Mode"},"sceneLighting":false,"audioPlay":false,"sceneViewState":{"showFog":true,"showMaterialUpdate":false,"showSkybox":false,"showFlares":true,"showImageEffects":true,"showParticleSystems":true},"in2DMode":false,"pivot":{"x":0.13743183016777039,"y":0.0992882251739502,"z":-0.4878849983215332},"rotation":{"x":-0.040794216096401218,"y":-0.014390870928764344,"z":0.000586940732318908,"w":-0.9990743398666382},"size":0.8585915565490723,"orthographic":false}